,Total:,Hispanic or Latino,Not Hispanic or Latino:,Population of one race:,White alone,Black or African American alone,American Indian and Alaska Native alone,Asian alone,Native Hawaiian and Other Pacific Islander alone,Some Other Race alone,Population of two or more races:,Population of two races:,White; Black or African American,White; American Indian and Alaska Native,White; Asian,White; Native Hawaiian and Other Pacific Islander,White; Some Other Race,Black or African American; American Indian and Alaska Native,Black or African American; Asian,Black or African American; Native Hawaiian and Other Pacific Islander,Black or African American; Some Other Race,American Indian and Alaska Native; Asian,American Indian and Alaska Native; Native Hawaiian and Other Pacific Islander,American Indian and Alaska Native; Some Other Race,Asian; Native Hawaiian and Other Pacific Islander,Asian; Some Other Race,Native Hawaiian and Other Pacific Islander; Some Other Race,Population of three races:,White; Black or African American; American Indian and Alaska Native,White; Black or African American; Asian,White; Black or African American; Native Hawaiian and Other Pacific Islander,White; Black or African American; Some Other Race,White; American Indian and Alaska Native; Asian,White; American Indian and Alaska Native; Native Hawaiian and Other Pacific Islander,White; American Indian and Alaska Native; Some Other Race,White; Asian; Native Hawaiian and Other Pacific Islander,White; Asian; Some Other Race,White; Native Hawaiian and Other Pacific Islander; Some Other Race,Black or African American; American Indian and Alaska Native; Asian,Black or African American; American Indian and Alaska Native; Native Hawaiian and Other Pacific Islander,Black or African American; American Indian and Alaska Native; Some Other Race,Black or African American; Asian; Native Hawaiian and Other Pacific Islander,Black or African American; Asian; Some Other Race,Black or African American; Native Hawaiian and Other Pacific Islander; Some Other Race,American Indian and Alaska Native; Asian; Native Hawaiian and Other Pacific Islander,American Indian and Alaska Native; Asian; Some Other Race,American Indian and Alaska Native; Native Hawaiian and Other Pacific Islander; Some Other Race,Asian; Native Hawaiian and Other Pacific Islander; Some Other Race,Population of four races:,White; Black or African American; American Indian and Alaska Native; Asian,White; Black or African American; American Indian and Alaska Native; Native Hawaiian and Other Pacific Islander,White; Black or African American; American Indian and Alaska Native; Some Other Race,White; Black or African American; Asian; Native Hawaiian and Other Pacific Islander,White; Black or African American; Asian; Some Other Race,White; Black or African American; Native Hawaiian and Other Pacific Islander; Some Other Race,White; American Indian and Alaska Native; Asian; Native Hawaiian and Other Pacific Islander,White; American Indian and Alaska Native; Asian; Some Other Race,White; American Indian and Alaska Native; Native Hawaiian and Other Pacific Islander; Some Other Race,White; Asian; Native Hawaiian and Other Pacific Islander; Some Other Race,Black or African American; American Indian and Alaska Native; Asian; Native Hawaiian and Other Pacific Islander,Black or African American; American Indian and Alaska Native; Asian; Some Other Race,Black or African American; American Indian and Alaska Native; Native Hawaiian and Other Pacific Islander; Some Other Race,Black or African American; Asian; Native Hawaiian and Other Pacific Islander; Some Other Race,American Indian and Alaska Native; Asian; Native Hawaiian and Other Pacific Islander; Some Other Race,Population of five races:,White; Black or African American; American Indian and Alaska Native; Asian; Native Hawaiian and Other Pacific Islander,White; Black or African American; American Indian and Alaska Native; Asian; Some Other Race,White; Black or African American; American Indian and Alaska Native; Native Hawaiian and Other Pacific Islander; Some Other Race,White; Black or African American; Asian; Native Hawaiian and Other Pacific Islander; Some Other Race,White; American Indian and Alaska Native; Asian; Native Hawaiian and Other Pacific Islander; Some Other Race,Black or African American; American Indian and Alaska Native; Asian; Native Hawaiian and Other Pacific Islander; Some Other Race,Population of six races:,White; Black or African American; American Indian and Alaska Native; Asian; Native Hawaiian and Other Pacific Islander; Some Other Race
Alabama,100.0,4.259610136511958,95.74038986348803,92.67838023714083,65.46937250042505,24.93465939406193,0.4630133111540333,1.5316430296801309,0.047789652008620516,0.2319023498110624,3.062009626347211,2.930434911361939,0.44851303212577665,1.544764761054293,0.25324430978927115,0.02152066060003584,0.4372548929506689,0.115644830982399,0.02744330978059138,0.006382165065253809,0.05167000836829483,0.003956942340457362,0.0007148024873084265,0.003063439231321828,0.01141131113667381,0.004212228943067513,0.0006382165065253808,0.11794241040589037,0.06259627496000936,0.007530954776999494,0.001761477558010051,0.008781859129789241,0.011385782476412793,0.001991235500359188,0.00541207597533523,0.009215846354226499,0.0019401781798371578,0.00045951588469827424,0.001863592199054112,0.0003063439231321828,0.001404076314355838,0.0019401781798371578,0.0007913884680914722,0.00028081526287116756,0.0001531719615660914,0.00010211464104406095,0.0,2.5528660261015238e-05,0.011283667835368733,0.0034718977954980718,0.0007148024873084265,0.003701655737847209,0.0008935031091355332,0.00053610186548132,0.0,0.00048504454495928946,0.00053610186548132,0.0,7.65859807830457e-05,0.0003829299039152285,0.0,5.1057320522030476e-05,0.00033187258339319805,0.00010211464104406095,0.0023486367440134015,0.0011743183720067008,0.0009445604296575636,0.00012764330130507617,0.0,5.1057320522030476e-05,5.1057320522030476e-05,0.0,0.0
Alaska,100.0,6.036248901179236,93.96375109882077,86.26000220215414,61.476201392411234,2.9902365149647205,13.540901403060996,6.189497168787895,1.4660570430124025,0.5971086799168958,7.7037488966666245,7.214942879370689,0.4447629344967446,4.158822244644885,0.8572155746449027,0.13664185934011186,0.9981895404898529,0.1657030738100696,0.04747266711552103,0.01823094820786169,0.03898895854354579,0.12563108864031422,0.03519836535181217,0.03231029434858656,0.1453060723497887,0.01028875294899125,0.00018050443770160088,0.4424163768066238,0.1382663992794263,0.018772461520966493,0.005776142006451228,0.012996319514515265,0.12761663745503182,0.0202164970225793,0.021299523648788905,0.07382631501995476,0.004693115380241623,0.00036100887540320176,0.0037905931917336187,0.0,0.0021660532524192108,0.0023465576901208116,0.0,0.0005415133131048027,0.006317655319556032,0.0,0.0007220177508064035,0.0027075665655240133,0.041155011795965,0.013357328389918465,0.0027075665655240133,0.0037905931917336187,0.003249079878628816,0.0009025221885080045,0.0,0.012093797326007261,0.00198554881471761,0.00018050443770160088,0.00036100887540320176,0.00018050443770160088,0.00036100887540320176,0.0,0.0,0.00198554881471761,0.00415160206713682,0.003068575440927215,0.0,0.0,0.00036100887540320176,0.00036100887540320176,0.00036100887540320176,0.0010830266262096054,0.0010830266262096054
Arizona,100.0,26.878806404069593,73.12119359593041,69.97713450942408,58.06762786414088,4.274540344454757,3.418870814308831,3.6051401160885574,0.19108707796641486,0.41986829246463714,3.1440590865063287,2.9599370332892097,0.47259316893469044,0.9372649755249752,0.5750656444560568,0.06531966215660263,0.6578159125914655,0.07556871411929608,0.0426923537741773,0.006622186743500874,0.037315210314876855,0.011006904396554586,0.004709511553279913,0.005250834720323581,0.056893064856289526,0.010194919645989085,0.0016239695011310044,0.16759365251671968,0.05983425406389345,0.020840941931181224,0.0027968363630589523,0.012107594836210045,0.014778122460292142,0.002706615835218341,0.005828246098503494,0.03682801946453756,0.0036990416414650657,0.0004330585336349345,0.002111160351470306,0.00046914674477117907,0.0012811314953366814,0.0017502782401078603,0.0006495878004524018,0.00014435284454497818,0.000866117067269869,5.4132316704366816e-05,3.6088211136244546e-05,0.0003789262169305677,0.014038314131999127,0.005016261347937992,0.0007939406449973801,0.002923145102035808,0.0013533079176091705,0.0009022052784061137,3.6088211136244546e-05,0.001912675190220961,0.00016239695011310045,9.022052784061136e-05,0.0004330585336349345,0.00028870568908995637,3.6088211136244546e-05,3.6088211136244546e-05,5.4132316704366816e-05,0.0,0.002327689618287773,0.0011548227563598255,0.0009563375951104805,0.00014435284454497818,5.4132316704366816e-05,0.0,1.8044105568122273e-05,0.00016239695011310045,0.00016239695011310045
Arkansas,100.0,7.006179633633226,92.99382036636678,88.82528144384335,71.52148556852931,14.325081856683877,0.6785963422139168,1.715844106643117,0.3567917802093438,0.22748178956377554,4.168538922523422,4.017345702691681,0.4545311042424489,2.3995868999897505,0.2553764196528697,0.028327104974196382,0.69083538146231,0.0944525149063281,0.018120697685783643,0.004281501362512125,0.03996067938344651,0.00471397624761436,0.002162374425511175,0.0037625315003894434,0.014833888559006655,0.005492431040798384,0.0009081972587146932,0.13865144816377653,0.07507764005374798,0.005838410948880171,0.0017298995404089394,0.010119912311392296,0.015396105909639562,0.002162374425511175,0.009471199983738944,0.009903674868841179,0.0026813442876338564,0.0003892273965920114,0.0008649497702044697,0.00021623744255111743,0.0022488694025316214,0.0014704146093475988,0.00021623744255111743,4.324748851022349e-05,0.0003027324195715644,0.00017298995404089397,0.0,0.00034597990808178794,0.010638882173514979,0.003805778988899667,0.0006054648391431288,0.0032868091267769855,8.649497702044698e-05,0.0003027324195715644,0.0,0.0007352073046737994,0.0003027324195715644,0.00034597990808178794,0.00025948493106134097,0.00025948493106134097,0.0003027324195715644,0.0,0.00034597990808178794,0.0,0.00185964200593961,0.0010379397242453639,0.0007784547931840228,4.324748851022349e-05,0.0,0.0,0.0,4.324748851022349e-05,4.324748851022349e-05
California,100.0,35.95308090072032,64.04691909927968,60.556266960520624,37.86569319434958,5.496396758631731,0.3978868596321322,15.915516555965928,0.35416235160583515,0.5266112403354126,3.4906521387590566,3.240612441551031,0.424700924721929,0.7061448034124514,1.0346900884789538,0.083267630872247,0.5628390989033839,0.07604346888882366,0.08347848427544526,0.012793935726368078,0.0734386183846975,0.017082369557569546,0.003195240033081277,0.004596604189721999,0.11957658690298684,0.02816028297175489,0.01060430423161695,0.22419555777294042,0.06701569933342752,0.02745960089343453,0.003714263794800063,0.015479883693262796,0.02447845816206225,0.004132726702685835,0.0054302861069828,0.053199935576175576,0.007029528072778809,0.0008239502217285729,0.0036558736216066997,0.0007720478455566943,0.002549704229443537,0.0035682883618166545,0.0018328026585694636,0.0004346824004394834,0.001005608538330148,0.00023356069277345376,5.5146274682621026e-05,0.0013235105923829046,0.022804606530519165,0.008476306808569926,0.0011548278698242992,0.004619311479297197,0.002033924366235493,0.0014889494164307677,0.000149219331494151,0.0028546306894533234,0.0004541457915039378,7.46096657470755e-05,0.0006228285140625433,0.00034060934362795337,0.00025626798234865063,7.136576723633309e-05,0.00016219492553712066,4.541457915039379e-05,0.0027021674594484304,0.001475973822387798,0.000934242771093815,0.00012975594042969653,0.00010380475234375724,5.839017319336344e-05,0.0,0.000337365445117211,0.000337365445117211
Colorado,100.0,19.16357546696186,80.83642453303814,77.06227813878733,68.64645367990249,3.7282218993537306,0.5974397593033137,3.458529138881349,0.1473752743051675,0.4842583870412651,3.7741463942508124,3.577187744479747,0.4848349379187755,1.2137282972944685,0.7176949673317403,0.06009434146358771,0.889285378492346,0.06257794524363267,0.04656757087584287,0.006120309315110778,0.03168812322932356,0.007539511475136465,0.0020844531725377285,0.005299833066345927,0.038784134029451994,0.009468739411421383,0.0014192021600256876,0.1795512482769999,0.0682547538837354,0.02024580581411645,0.0017961777337825106,0.011242742111453494,0.018117002574077917,0.0026388290162977627,0.0080938873188965,0.03554657910189339,0.00421325641257626,0.0005765508775104355,0.0028384043200513753,0.0005765508775104355,0.001197451822521674,0.0018405278012833136,0.0009091763837664562,0.00015522523625280957,0.0006209009450112383,0.00017740027000321095,0.0,0.0005100257762592315,0.0145911722077641,0.004745457222585892,0.001086576653769667,0.002661004050048164,0.0012418018900224766,0.000598725911260837,0.00039915060750722456,0.002461428746294552,0.0003769755737568233,0.00015522523625280957,0.000598725911260837,0.00011087516875200683,6.652510125120411e-05,4.435006750080274e-05,4.435006750080274e-05,0.0,0.002417078678793749,0.0017740027000321093,0.00031045047250561914,0.00026610040500481643,4.435006750080274e-05,2.217503375040137e-05,0.0,0.00039915060750722456,0.00039915060750722456
Connecticut,100.0,15.010837413700623,84.98916258629937,81.93516929821168,66.70064794455092,9.726661571217614,0.1731128279498276,4.630480613768099,0.02638341267526062,0.6778829280499591,3.0539932880876974,2.89290460461999,0.5323733535199551,0.6273466686323529,0.3837270456467892,0.017496001536302284,0.9621058215331167,0.1120510855362786,0.03708315863471241,0.011257387442680554,0.15220127232874917,0.00745845483818464,0.0012895459299665031,0.004321721495022876,0.01652012894065196,0.02356035266641503,0.0041126059388120915,0.14582324786432027,0.07054164762843791,0.014428973378544116,0.0013941037080718954,0.024048288964240192,0.006691697798745097,0.0006621992613341503,0.0036595222336887256,0.00826006447032598,0.004600542236637255,0.00031367333431617646,0.0031367333431617643,0.00027882074161437906,0.002892765194249183,0.0006970518540359477,0.002718502230740196,0.00048793629782516336,0.00024396814891258168,0.0003833785197197712,0.0,0.0003833785197197712,0.01317428004127941,0.004252016309619281,0.0007667570394395424,0.005332446683374999,0.0007667570394395424,0.0010107251883521241,0.00024396814891258168,0.00027882074161437906,0.0,0.00010455777810539214,0.00017426296350898693,0.00017426296350898693,0.0,0.0,6.970518540359476e-05,0.0,0.0017077770423880717,0.0011152829664575162,0.00045308370512336596,3.485259270179738e-05,6.970518540359476e-05,0.0,3.485259270179738e-05,0.0003833785197197712,0.0003833785197197712
Delaware,100.0,8.666531383727506,91.3334686162725,87.97960035377766,62.43767093828928,20.621203941583296,0.2667371158953625,4.237419005721447,0.030630099432960283,0.38593925285529956,3.3538682624948466,3.1344801753062694,0.743545663735111,0.8839336194695122,0.3623285512090593,0.02297257457472021,0.6396585764916539,0.24044628054873826,0.06381270715200059,0.012252039773184113,0.12417952811779316,0.007274648615328068,0.0,0.004849765743552045,0.014421671816352134,0.013655919330528128,0.0011486287287360106,0.20062715128588987,0.12009551486006512,0.02016481546003219,0.0007657524858240071,0.015187424302176141,0.010592909387232098,0.00216963204316802,0.005105016572160047,0.010592909387232098,0.0025525082860800236,0.0005105016572160047,0.005870769057984055,0.00216963204316802,0.0017867558002560167,0.0010210033144320094,0.0007657524858240071,0.0,0.0,0.0,0.0,0.0012762541430400118,0.015825551373696147,0.007019397786720065,0.0008933779001280084,0.003956387843424037,0.0007657524858240071,0.0011486287287360106,0.0005105016572160047,0.00038287624291200354,0.0,0.0,0.0,0.0,0.0,0.0,0.0010210033144320094,0.00012762541430400118,0.0022972574574720212,0.0008933779001280084,0.0005105016572160047,0.0,0.0008933779001280084,0.0,0.0,0.0006381270715200059,0.0006381270715200059
District of Columbia,100.0,10.49706082296957,89.50293917703043,85.77528726739122,40.81761454618793,38.865639360109604,0.18481781622884721,5.354153011069944,0.05302863024440113,0.5000339035504842,3.727651909639214,3.3973096228708135,0.8688002142008933,0.25418969645021133,0.9322607061327176,0.029556941447698992,0.5179419327805606,0.3007853453207015,0.1580427045644611,0.0151261994467636,0.25332037464292606,0.009214811157223803,0.0024341010603987404,0.005737523928082746,0.025905789857100882,0.023471688796702143,0.0005215930843711587,0.2993944304290451,0.15126199446763602,0.03668538026743816,0.002607965421855793,0.0450308696173767,0.007823896265567381,0.0,0.0043466090364263224,0.01634324997696297,0.007997760627024434,0.0006954574458282116,0.006954574458282115,0.00417274467496927,0.006259117012453905,0.0036511515905981104,0.0043466090364263224,0.0005215930843711587,0.0001738643614570529,0.0,0.0,0.0005215930843711587,0.028513755278956675,0.012170505301993702,0.0008693218072852644,0.008867082434309698,0.0017386436145705288,0.0038250159520551636,0.0,0.0,0.0,0.0,0.0003477287229141058,0.0006954574458282116,0.0,0.0,0.0,0.0,0.0024341010603987404,0.0015647792531134762,0.0001738643614570529,0.0,0.0,0.0006954574458282116,0.0,0.0,0.0
Florida,100.0,24.987756089773757,75.01224391022625,71.93027926496399,54.654669826206835,13.523718928266257,0.19920720825466778,2.945983997445792,0.052061129351057764,0.5546381754393735,3.0819646452622584,2.933209498552185,0.48901243146178563,0.8148630804409329,0.37629117598749473,0.025047245460467917,0.8706325631954173,0.0713757102967421,0.07733329826834315,0.017422917001168218,0.12933675493816565,0.006297856790889009,0.0010438755303579766,0.003754491548414601,0.018945475785778747,0.02721573827491321,0.004636883571313885,0.1333334717477683,0.04652455195247402,0.023063305225975404,0.0017878531182926672,0.016067608992139906,0.010531031593556162,0.001551395125228153,0.004060156758961412,0.011586441660161187,0.005824940804759981,0.000582494080475998,0.0017993876545397166,0.00034026881928795927,0.0015744641977222522,0.0024107180756333386,0.0038583023746380464,0.0007728139285523143,0.0003345015511644345,0.00017301804370574198,1.1534536247049466e-05,0.0004786832542525528,0.013149371321636393,0.004510003672596341,0.0006343994935877206,0.002981677619862287,0.0008074175372934625,0.0019551038938748844,0.00016725077558221724,0.0007209085154405916,0.0001960871161998409,4.037087686467313e-05,0.00024222526118803877,0.00018455257995279146,0.0001960871161998409,6.92072174822968e-05,0.0003691051599055829,7.497448560582152e-05,0.0020819837925924287,0.0010035046534933034,0.0007439775879346906,9.227628997639573e-05,7.497448560582152e-05,2.883634061762366e-05,0.0001384144349645936,0.0001903198480763162,0.0001903198480763162
Georgia,100.0,9.037630619125348,90.96236938087465,87.96231123196137,52.82467470062433,29.96168984148217,0.1965262958388005,4.47193122759655,0.05542394328948159,0.45206522313003195,3.0000581489132845,2.8122420250225235,0.6137994913551543,0.9591651081217002,0.34726336372729183,0.021933575450161395,0.4181369136843857,0.17006732378993691,0.07382965579979452,0.012298860110989001,0.15078572806697196,0.006617784273370937,0.0007299026772100297,0.003673843475290483,0.015510431890713132,0.016301159791023995,0.0021288828085292534,0.16736668388425982,0.08758832126520356,0.019987168310934646,0.0021532128977695877,0.014841354436603938,0.010693074221126935,0.0014841354436603937,0.0044889014648416825,0.009561725071451388,0.0030169310658014563,0.00037711638322518204,0.0033332222259258026,0.0007177376325898625,0.0034305425828871396,0.0020558925408082507,0.0023843487455527637,0.0005109318740470208,0.0003041261155041791,0.00017031062468234027,3.649513386050149e-05,0.0002311358477831761,0.01740817885145921,0.006994900656596119,0.0008515531234117013,0.005109318740470208,0.0006934075433495283,0.001131349149675546,8.515531234117013e-05,0.0010826889711948774,0.0001946407139226746,1.2165044620167163e-05,0.00013381549082183878,0.00036495133860501487,0.0003041261155041791,6.082522310083581e-05,0.0003892814278453492,0.0,0.002688474861056943,0.001119184105055379,0.0010461938373343758,6.082522310083581e-05,9.73203569613373e-05,8.515531234117013e-05,0.00027979602626384474,0.0003527862939848477,0.0003527862939848477
Hawaii,100.0,8.054900705507805,91.9450992944922,74.69411413567724,23.844866143844,1.5623256236455418,0.17302459977247264,39.64581864426575,9.102651169430013,0.3654279547194622,17.250985158814956,11.868276372193217,0.26991837564505733,0.6890704685938723,3.7648422664492323,2.0546671222981128,0.38134621789852974,0.04861991253606482,0.11436926044960441,0.0692963522088753,0.02517507926689477,0.03841146114948893,0.04256405154402827,0.002941418196132035,4.29749849684879,0.04593803123959149,0.023617857868942514,4.996690904529352,0.07500616400136689,0.04213149004459709,0.030106280360410242,0.011852185084414378,0.1603072916891959,0.0888481319831647,0.005536787192719125,4.459016960736393,0.01669687387804361,0.008997279188168578,0.008651229988623632,0.003979565794766871,0.0012111721984073085,0.03849797344937517,0.001038147598634836,0.000778610698976127,0.034258870754949586,0.0004325614994311816,0.000259536899658709,0.009083791488054814,0.3577283600295872,0.025521128466439717,0.010641012886007068,0.004585151893970525,0.04766827723731622,0.0009516352987485995,0.0013841967981797812,0.23782231238726365,0.0028549058962457985,0.0004325614994311816,0.01955177977428941,0.005536787192719125,0.0,0.00017302459977247266,0.0006055860992036543,0.0,0.027856960563368095,0.02050341507303801,0.002681881296473326,0.0,0.0023358320969283806,0.0016437336978384902,0.0006920983990898906,0.0004325614994311816,0.0004325614994311816
Idaho,100.0,11.021505376344086,88.97849462365592,85.34757337983145,81.47820401046208,0.7226097064806742,1.0124237140366172,1.5263004940424296,0.1774193548387097,0.4306160999709387,3.63092124382447,3.4893199651264166,0.23358035454809647,1.5379250217959894,0.5731618715489684,0.09532112757919209,0.9543010752688171,0.016274338854984017,0.01002615518744551,0.003269398430688753,0.010897994768962511,0.008209822725951759,0.0035600116245277534,0.004359197907585005,0.03051438535309503,0.006030223772159256,0.0018889857599535017,0.12699796570764313,0.03320255739610578,0.007192676547515257,0.0014530659691950015,0.005158384190642255,0.02034292356873002,0.004867770996803255,0.005812263876780006,0.04163034001743679,0.002906131938390003,0.0010897994768962512,0.0007265329845975008,7.265329845975008e-05,0.00014530659691950015,0.0005085730892182505,0.0003632664922987504,0.0,0.0006538796861377507,7.265329845975008e-05,0.0003632664922987504,0.0004359197907585004,0.011769834350479512,0.0013804126707352513,0.0006538796861377507,0.002106945655332752,0.002034292356873002,0.0008718395815170008,7.265329845975008e-05,0.0026155187445510027,0.0004359197907585004,0.0002906131938390003,0.0,0.0006538796861377507,0.0002906131938390003,0.0,0.0002906131938390003,7.265329845975008e-05,0.0025428654460912525,0.0011624527753560012,0.0005812263876780006,0.0002179598953792502,7.265329845975008e-05,0.0003632664922987504,0.00014530659691950015,0.0002906131938390003,0.0002906131938390003
Illinois,100.0,16.203980431360907,83.7960195686391,81.24549413573861,61.23873177665734,13.564870294612644,0.1331370695783946,5.96845692506272,0.023541250040377142,0.3167568197871307,2.550525432900487,2.4256288008893274,0.4615245069513191,0.7193481973892814,0.4277627142001241,0.01799095531972748,0.5734004475637656,0.08343443036825256,0.0328717454896855,0.004290227811096769,0.061213250423597494,0.008270439160319413,0.000670035578889239,0.002480131694993004,0.02069109869734083,0.01057056129680486,0.0011100589441299332,0.11175593424010814,0.056943023674557114,0.009830522000718237,0.0013600722198348733,0.011160592627468519,0.008220436505178425,0.000920048854594179,0.002930155591261896,0.009250491201082777,0.0032201709910796264,0.00026001380673313756,0.002060109391808705,0.000620032923748251,0.0020901109848932976,0.0009500504476787718,0.0009700515097351669,0.0002400127446767423,0.00012000637233837116,0.00022001168262034715,6.000318616918558e-05,0.0003300175239305207,0.010550560234748464,0.004220224093899386,0.000620032923748251,0.003110165149769453,0.0003300175239305207,0.0004700249583252871,5.000265514098798e-05,0.0005900313306636582,0.00011000584131017357,0.0,0.00043002283421249667,0.00019001008953575433,8.000424822558077e-05,4.0002124112790386e-05,0.00022001168262034715,9.000477925377838e-05,0.0022701205434008543,0.0013500716888066758,0.000720038234030227,0.00011000584131017357,9.000477925377838e-05,0.0,0.0,0.0003200169929023231,0.0003200169929023231
Indiana,100.0,6.758279459975476,93.24172054002452,90.15123313482569,78.29731622763948,8.90590205753249,0.2020190737589163,2.4068001661602065,0.03776543409354003,0.30143017564104463,3.0904874051988425,2.961014170415125,0.5590478257528677,1.2646316984296242,0.2992154765483587,0.023764684177168996,0.6017818891152162,0.06362926784551569,0.0230713870698934,0.00446791469133161,0.04159782643653568,0.0033701942714785852,0.0006162640953560842,0.0015406602383902103,0.0649195707951675,0.008646955587965055,0.0007125553602554723,0.11874638787392547,0.0656899009143626,0.009725417754838202,0.001752501021168864,0.010168357573375388,0.008300307034327258,0.0017910175271286196,0.004853079750929163,0.0087817633588242,0.0024072816224847034,0.0004621980715170631,0.0009051378900542486,0.00026961554171828683,0.0013865942145511894,0.000885879637074371,0.0005007145774768184,0.0003273903006579197,0.0,0.00017332427681889868,0.0,0.00036590680661767493,0.00853140607008579,0.0036398098131968717,0.0006162640953560842,0.002022116562887151,0.0005007145774768184,0.00013480777085914342,1.925825297987763e-05,0.0005777475893963289,0.00019258252979877628,5.7774758939632886e-05,0.00026961554171828683,0.00017332427681889868,0.00011554951787926577,0.0,0.00013480777085914342,7.703301191951052e-05,0.001906567045007885,0.0011747534317725354,0.0005007145774768184,7.703301191951052e-05,0.0,1.925825297987763e-05,0.00013480777085914342,0.00028887379469816446,0.00028887379469816446
Iowa,100.0,5.4734025467500755,94.52659745324993,91.96450108424014,85.45636652826433,3.5425449460696137,0.2719069361573779,2.317127075882116,0.14068796291421218,0.23586763495248975,2.562096369009793,2.461080207648413,0.4320634683521468,0.9120432896086409,0.2829676956438158,0.024284693337382143,0.6553193886134583,0.03534545282382006,0.014203484506569724,0.001918286700599934,0.020325676104229088,0.004244719507710493,0.0007346629917191237,0.0015101405940893097,0.068650175115087,0.006734410757425299,0.0007346629917191237,0.09207776162879683,0.048038796736300474,0.007632332191748674,0.001918286700599934,0.006407893872216801,0.006571152314821051,0.0006938483810680612,0.004081461065106242,0.010530169547974106,0.001836657479297809,0.0005305899384638116,0.001142809098229748,0.0004081461065106243,0.0006938483810680612,0.0008571068236723109,0.0004081461065106243,0.0,4.081461065106242e-05,0.0,0.0001632584426042497,0.00012244383195318727,0.006856854589378487,0.0022039889751573707,0.0004489607171616867,0.0015917698153914345,0.0003265168852084994,0.0001632584426042497,0.00024488766390637454,0.0006938483810680612,8.162922130212485e-05,0.00012244383195318727,0.0004489607171616867,0.0,0.0,0.0,0.000285702274557437,0.00024488766390637454,0.0019591013112509963,0.0012244383195318728,0.0005305899384638116,8.162922130212485e-05,0.0,8.162922130212485e-05,4.081461065106242e-05,0.00012244383195318727,0.00012244383195318727
Kansas,100.0,10.83677684096826,89.16322315903173,85.15688220063912,75.53805741312581,5.495317846370815,0.7623414536117805,2.9506808366332993,0.09747384399519853,0.3130108069022068,4.006340958392619,3.82260747242652,0.5709374534610616,1.906459200938763,0.3898505191726969,0.03633401455872563,0.6994073518514199,0.11277001555634104,0.028573786757911397,0.005876241860732171,0.029156925263174895,0.005517387395954634,0.0012111338186241878,0.0033194037991922183,0.026016948696371445,0.006100525901218131,0.0010765633943326115,0.16924473695070597,0.09227045425592424,0.01336732881296326,0.002556838061539952,0.010586206710937346,0.014937317096364984,0.002467124445345568,0.007042518871259166,0.015789596450211635,0.002467124445345568,0.00022428404048596072,0.002556838061539952,0.00062799531336069,0.002063413172470839,0.0009868497781382272,0.0,0.0004037112728747293,0.0,0.0,0.0,0.0008971361619438429,0.012559906267213799,0.005158532931177096,0.0014354178591101485,0.00251198125344276,0.0005382816971663057,0.0006728521214578822,8.971361619438428e-05,0.0018391291319848778,8.971361619438428e-05,0.0,0.0,0.00013457042429157644,0.0,4.485680809719214e-05,4.485680809719214e-05,0.0,0.0013905610510129565,0.0011662770105269958,0.00017942723238876856,0.0,0.0,0.0,4.485680809719214e-05,0.0005382816971663057,0.0005382816971663057
Kentucky,100.0,3.8197135394242085,96.18028646057579,93.1282470794225,83.39920778437957,7.634002124056373,0.19107896323086196,1.5778581474784008,0.06862998363902523,0.2574700766382502,3.052039381153305,2.9189127127644308,0.5515944774534287,1.4389333792588765,0.251040500588421,0.02296277160653291,0.4845431843623525,0.056746749332644446,0.020896122161944947,0.005224030540486237,0.0396681879502856,0.003214788024914607,0.0011768420448348116,0.00163609747696547,0.034587674732340194,0.006257355262780218,0.00043055196762249205,0.12112862022446108,0.06360687735009615,0.009041591320072333,0.0015786905479491375,0.009041591320072333,0.01047676454548064,0.001664800941473636,0.01024713682941531,0.008209190849335515,0.0026694221992594504,0.0003157381095898275,0.0009472143287694825,0.0003444415740979936,0.0011481385803266454,0.0010907316513103131,2.8703464508166136e-05,5.740692901633227e-05,0.00014351732254083067,0.0002296277160653291,0.0,0.00028703464508166135,0.009816584861792819,0.0036453399925370994,0.00043055196762249205,0.0030999741668819424,0.0006601796836878211,0.0003157381095898275,0.00011481385803266455,0.0008611039352449841,0.0002583311805734952,0.0,5.740692901633227e-05,0.0002583311805734952,5.740692901633227e-05,2.8703464508166136e-05,2.8703464508166136e-05,0.0,0.0018083182640144667,0.0008898073997531501,0.00040184850311432587,0.00014351732254083067,0.0002296277160653291,2.8703464508166136e-05,0.00011481385803266455,0.00037314503860615974,0.00037314503860615974
Louisiana,100.0,6.264080471681098,93.7359195283189,90.99390345683632,58.313457766146826,29.869672666492654,0.5470028690273874,1.903993448624693,0.03702512891578548,0.3227515776289802,2.7420160714825847,2.5612595041433415,0.508941484612446,0.9788133362161775,0.25164204486258135,0.020445040929291527,0.4756132672071626,0.1360575463486277,0.03402839003984823,0.006329560616465595,0.12395856322334835,0.004873201536570857,0.0011762900260688274,0.004173028902006079,0.009830423789289488,0.004509111766597172,0.000868214066860325,0.15812698779010953,0.0770750036128908,0.010250527370028354,0.0015683867014251035,0.02576635295198384,0.010754651666914994,0.0017084212283380589,0.007029733251030373,0.008318050898629565,0.0024366007682854285,0.0007281795399473694,0.0023245731467550637,0.0005881450130344137,0.004957222252718631,0.0023245731467550637,0.0014003452691295566,0.0002520621484433202,2.8006905382591133e-05,0.00014003452691295566,2.8006905382591133e-05,0.00044811048612145813,0.019156723281692333,0.004285056523536443,0.0007001726345647783,0.009466334019315802,0.0009522347830080984,0.0006721657291821871,0.0003640897699736847,0.0004761173915040492,0.00030807595920850244,0.0,0.00019604833767813794,0.0005881450130344137,0.00044811048612145813,0.0,0.0007001726345647783,0.0,0.0029127181597894776,0.0011762900260688274,0.0011762900260688274,2.8006905382591133e-05,0.00019604833767813794,0.00011202762153036453,0.00022405524306072906,0.0005601381076518226,0.0005601381076518226
Maine,100.0,1.5905088349090386,98.40949116509096,95.1900980555543,91.66000801740407,1.490966907939482,0.5047361238103388,1.2013494462135783,0.029907619686780743,0.30312994050005176,3.2193931095366572,3.1171486868122713,0.27952814424120676,1.5303332627681665,0.3197052477963399,0.024682794560776877,0.8906525176000036,0.0158546417616669,0.008377736839971714,0.0018016638365530567,0.02243071476508556,0.00540499150965917,0.00045041595913826416,0.0023421629875189738,0.010990149402973647,0.004414076399554989,0.00018016638365530568,0.09458735141903547,0.03909610525320133,0.006846322578901616,0.0009008319182765283,0.010359567060180076,0.009188485566420589,0.002702495754829585,0.0055851578933144765,0.013062062815009663,0.002882662138484891,0.0006305823427935699,0.00036033276731061136,9.008319182765284e-05,0.00045041595913826416,0.00045041595913826416,0.0006305823427935699,0.0,0.0006305823427935699,0.00036033276731061136,0.0,0.00036033276731061136,0.006125657044280392,0.0009909151101041812,9.008319182765284e-05,0.0018917470283807097,0.0006305823427935699,0.00045041595913826416,0.0,0.0009008319182765283,0.00036033276731061136,9.008319182765284e-05,0.0,0.00036033276731061136,0.00036033276731061136,0.0,0.0,0.0,0.001531414261070098,0.0014413310692424455,0.0,0.0,0.0,9.008319182765284e-05,0.0,0.0,0.0
Maryland,100.0,10.2230809839338,89.7769190160662,86.3470732899679,49.8703896534351,28.840763066637702,0.20327288450204167,6.908661360416447,0.04226198610151765,0.48172433887508764,3.429845726098303,3.1707704058936677,0.7250370804796975,0.6968762681191776,0.5617625179587481,0.024131905577377648,0.5638392740325328,0.23515109023463607,0.1026540527271753,0.014599595198706098,0.1884656136959571,0.00953231037867155,0.001100680719105865,0.0039043014187151444,0.021743636092525297,0.0199576258690705,0.0020144533915711117,0.23284589099273506,0.12863427121022128,0.0291576552759365,0.0029074585032985117,0.019563042215051413,0.012647444489348526,0.0012460536442707906,0.003592788007647447,0.01256437424639714,0.005586473838480712,0.0003322809718055442,0.004527328240850539,0.0013291238872221768,0.0035512528861717536,0.0024505721670658883,0.0034681826432203674,0.0004568863362326232,0.00031151341106769765,0.00026997828959200466,0.0,0.00024921072885415816,0.022657408764990547,0.01065375865851526,0.0012460536442707906,0.005254192866675168,0.0012668212050086372,0.0017860102234548002,8.307024295138605e-05,0.0008722375509895535,0.0001661404859027721,0.0002907458503298512,0.00018690804664061862,0.00031151341106769765,0.00020767560737846512,6.230268221353954e-05,0.00020767560737846512,6.230268221353954e-05,0.002990528746249898,0.0013914265694357163,0.001017610476154479,0.00026997828959200466,0.00018690804664061862,2.0767560737846512e-05,0.00010383780368923256,0.0005814917006597024,0.0005814917006597024
Massachusetts,100.0,10.973488639892876,89.02651136010712,85.20215413077229,70.43043948300438,6.205547128628996,0.13118579422051538,7.19918682463814,0.024559816926074948,1.2112350833541823,3.8243572293348382,3.6336346251396825,0.4544713786320411,0.5222183358896613,0.49922992349731793,0.020675446168536137,1.392229104424775,0.06940664294493216,0.03248746451759735,0.007962960052954566,0.5790360863340245,0.006868273748557266,0.0006885929979273351,0.010099363969600915,0.013895453573559301,0.019227635249817125,0.005137963138380885,0.17239543671185897,0.05409869091408602,0.012412330193408117,0.0010770300736812164,0.06024305920328377,0.007592179207916771,0.0008121866129399337,0.005402806599122167,0.011247018966146473,0.005402806599122167,0.0007945303822238482,0.0017303106101763807,0.0002118747685930262,0.005491087752702595,0.0006885929979273351,0.003301715143907991,0.0012889048422742425,0.00017656230716085514,0.0001235936150125986,0.0,0.0003001559221734538,0.015643420414451766,0.003849058296106642,0.0003001559221734538,0.007292023285743318,0.00051203069076648,0.0016596856873120384,0.0003884370757538813,0.0002648434607412827,8.828115358042757e-05,3.531246143217103e-05,0.0006532805364951641,3.531246143217103e-05,0.0002824996914573682,0.0,0.0002824996914573682,0.0,0.0023482786852393736,0.001271248611558157,0.0007592179207916771,0.0001235936150125986,0.0001059373842965131,8.828115358042757e-05,0.0,0.00033546838360562476,0.00033546838360562476
Michigan,100.0,4.645148296781064,95.35485170321894,91.89630760965618,74.90959115821617,12.90672607416014,0.4605411617665677,3.269349488451851,0.02508022513324107,0.32501950192820817,3.458544093562759,3.294935108549994,0.5874711072016003,1.2813404893891065,0.37953898376696643,0.02068328893859729,0.8164782006726302,0.10625929137055787,0.02673539364329375,0.0038915412297421906,0.04481589851264789,0.00512975889375107,0.0005812042096368207,0.0026280538174882325,0.010714373255913562,0.008023145067812633,0.0006443785802495186,0.15091093651961274,0.08707955245254279,0.011674623689226572,0.0016425336359301454,0.011308212339672923,0.009412981221291987,0.0014782802723371307,0.005294012257344083,0.010120534172154203,0.006279532438902171,0.00030323697894094986,0.0020847542302190303,0.0002779672306958707,0.0016046290135625267,0.0010739643004158642,0.0008086319438425331,2.526974824507916e-05,0.000240062608328252,5.053949649015832e-05,0.0,0.00015161848947047493,0.010600659388810708,0.004131603838070442,0.000720187824984756,0.003032369789409499,0.0003916810977987269,0.0004674903425339644,0.00013898361534793536,0.0005685693355142811,0.00032850672718602906,0.0,0.0004422205942888853,0.00022742773420571244,0.0001263487412253958,0.0,1.263487412253958e-05,1.263487412253958e-05,0.0016678033841752244,0.0009981550556806267,0.00042958572016634573,0.0,7.580924473523747e-05,6.31743706126979e-05,0.00010107899298031663,0.00042958572016634573,0.00042958572016634573
Minnesota,100.0,4.984400891950459,95.01559910804954,91.98354170497237,79.95048111964526,5.863546708352387,0.9013374927916923,4.891305214611054,0.042401139385372585,0.3344700301866037,3.03205740307717,2.880087709525082,0.5252637653897795,0.9607355424304169,0.4280897409520502,0.024128321659919166,0.7606459099305017,0.06390929391508335,0.02476627539596991,0.003918858664311705,0.032877401468615064,0.008817431994701337,0.00132147559610511,0.0021872699521739754,0.025814342248053273,0.014877992487183396,0.0027340874402174693,0.13943845945109093,0.0764633120780819,0.013374244395063788,0.001868293084148604,0.007928853576630661,0.009888282908786515,0.0014353959061141714,0.004853005206386008,0.013510948767074659,0.002893575874230155,0.00043289717803443264,0.0012531234100996735,0.0005012493640398694,0.001139203100090612,0.0009797146660779263,0.0010480668520833633,4.556812400362449e-05,0.0005468174880434939,0.00022784062001812244,0.0,0.0010480668520833633,0.010867997574864442,0.0037821542923008327,0.000660737798052555,0.0028480077502265307,0.00043289717803443264,0.001503748092119608,0.0,0.0011164190380888,6.835218600543673e-05,0.0,4.556812400362449e-05,6.835218600543673e-05,0.0002506246820199347,9.113624800724898e-05,0.0,0.0,0.0013898277821105468,0.0007746581080616164,0.0006151696740489305,0.0,0.0,0.0,0.0,0.00027340874402174693,0.00027340874402174693
Mississippi,100.0,3.013568235672741,96.98643176432726,94.64629199433263,57.756040461907475,35.09783767906466,0.4259309913641514,1.129171553025796,0.033675813872415646,0.20363549509812745,2.3401397699946305,2.2183448447246423,0.5057518904776477,0.9196526693241435,0.19138575315496714,0.01615736571714336,0.35853545773421924,0.11801901915130801,0.026519154600963556,0.006454165109837158,0.05457501518045978,0.0040832473143867735,0.0009220235871195938,0.003205129612368112,0.008605553479782877,0.0035563766931755764,0.0009220235871195938,0.10620833605915704,0.059009509575654005,0.006673694535341822,0.0014488942083307904,0.009000706445691274,0.0074200945820576845,0.0011854588977251923,0.004654023820698902,0.005005270901506367,0.0016245177487345225,0.00035124708080746435,0.00201967071464292,0.0006146823914130626,0.00302950607196438,0.0024587295656522505,0.0009659294722205269,0.0,0.0003073411957065313,0.00013171765530279914,4.3905885100933044e-05,0.0002634353106055983,0.01211802428785752,0.0039515296590839745,0.0009659294722205269,0.0035563766931755764,0.0006585882765139957,0.0002634353106055983,4.3905885100933044e-05,0.0007464000467158617,4.3905885100933044e-05,0.0,8.781177020186609e-05,0.0002634353106055983,0.0004390588510093304,0.0,0.001097647127523326,0.0,0.00302950607196438,0.0011854588977251923,0.0009659294722205269,0.0003073411957065313,0.00035124708080746435,0.0,0.0002195294255046652,0.0004390588510093304,0.0004390588510093304
Missouri,100.0,4.128748315399157,95.87125168460085,91.76304523901858,77.97203792937952,10.766557249625809,0.39035834569475075,2.189415723052878,0.13275785386249972,0.31191813740312235,4.108206445582263,3.9432432953095855,0.5291677799620237,1.9606492319727817,0.3665079993935856,0.0372098905857511,0.8338617123836694,0.10605970501791184,0.026363113251244026,0.00466955858222988,0.04483195033432364,0.004376402438054012,0.001193564301287458,0.0028268628188387163,0.018112861765151776,0.006407555722701091,0.0010051067800315434,0.15091259507681948,0.07854490691454832,0.011202752652434913,0.001842695763391163,0.011830944389954627,0.014846264730049259,0.0025965258484148207,0.007098566633972777,0.012794171720818192,0.0026174655729988114,0.0003978547670958194,0.0018845752125591442,0.0007747698096076482,0.0019264546617271253,0.0009632273308635627,0.0006700711866876957,0.00014657807208793346,0.00016751779667192394,6.281917375197147e-05,2.0939724583990492e-05,0.0005234931145997623,0.011265571826186885,0.0044392216118059845,0.0007747698096076482,0.0032456573105185257,0.0005863122883517338,0.0006072520129357243,4.1879449167980984e-05,0.0008375889833596196,0.0001884575212559144,0.0,6.281917375197147e-05,0.0002093972458399049,0.00014657807208793346,8.375889833596197e-05,0.0,4.1879449167980984e-05,0.0025755861238308305,0.001528599894631306,0.0009004081571115911,6.281917375197147e-05,0.0,2.0939724583990492e-05,6.281917375197147e-05,0.0002093972458399049,0.0002093972458399049
Montana,100.0,3.51807914854674,96.48192085145327,92.30252563452582,85.58208635691541,0.4447591701436145,5.024802293315203,0.7841218270767878,0.07551848379587424,0.3912375032789373,4.179395216927433,4.03635709185612,0.22232077005327464,2.1798022168556788,0.3934724739831766,0.054933227309459924,1.074903278702023,0.03646531149021965,0.011527743632392019,0.0022349707042392686,0.007881212483370054,0.011998263780652916,0.004117051297282863,0.006234391964456908,0.02529045796902331,0.004469941408478537,0.0007057802223913481,0.13186327155011687,0.047875425085546444,0.007881212483370054,0.0016468205189131455,0.005175721630869885,0.024467047709566734,0.0054109817050003355,0.009410402965217973,0.025408088006088528,0.0010586703335870222,0.0011763003706522467,0.00011763003706522468,0.0,0.00011763003706522468,0.0004705201482608987,0.0,0.0,0.0010586703335870222,0.00023526007413044936,0.0,0.00035289011119567405,0.008939882816957075,0.0017644505559783702,0.0014115604447826962,0.00023526007413044936,0.0009410402965217974,0.0,0.0,0.0019997106301088198,0.00035289011119567405,0.0,0.00023526007413044936,0.0005881501853261233,0.00011763003706522468,0.0004705201482608987,0.0008234102594565728,0.0,0.0019997106301088198,0.0010586703335870222,0.0004705201482608987,0.00035289011119567405,0.0,0.0,0.00011763003706522468,0.00023526007413044936,0.00023526007413044936
Nebraska,100.0,9.843123254299934,90.15687674570006,87.35732088092692,79.21100284731598,4.477121548484649,0.6850359081569539,2.6280936531883774,0.0638156472986403,0.2922512764823081,2.799555864773153,2.6696212453264523,0.4538227401842796,0.9646866428159637,0.3999655856169558,0.029604498799900007,0.6607832523895302,0.06984493881624006,0.02059443394775653,0.003996946062229063,0.02621725637428216,0.004674394547352633,0.000880683030660641,0.002574304243469566,0.024388145464448518,0.0067067400027233425,0.000880683030660641,0.11997612671538424,0.059818701236411226,0.01124564485305126,0.0018968557583459958,0.006638995154210985,0.009145554549168195,0.001016172727685355,0.0053518430324762025,0.016597487885527465,0.001964600606858353,0.000338724242561785,0.00135489697024714,0.000338724242561785,0.001287152121734783,0.001829110909833639,0.0,0.0,6.7744848512357e-05,0.0,0.000270979394049428,0.0008129381821482841,0.00792614727594577,0.002574304243469566,0.0008129381821482841,0.002371069697932495,0.00047421393958649896,0.000135489697024714,0.0,0.001083917576197712,0.000270979394049428,0.0,0.0,0.0,0.0,6.7744848512357e-05,0.000135489697024714,0.0,0.001558131515784211,0.000880683030660641,0.0,0.0,0.000541958788098856,0.0,0.000135489697024714,0.00047421393958649896,0.00047421393958649896
Nevada,100.0,25.251292200059172,74.74870779994083,70.32866674456746,49.9580661709193,9.088411594620869,0.7589940190425993,9.298370796154352,0.7093115476317745,0.5155126161985576,4.420041055373373,4.006462450576508,0.6329024756705062,0.9711079232561204,0.9880554885664018,0.13918550581231048,0.656687078330901,0.1156080861019191,0.11714123993194454,0.025939305340430596,0.09211353957152908,0.014544243090241436,0.0045165883100749754,0.005345320110088732,0.22073271493366417,0.018149226420301277,0.0044337151300736,0.374338154066214,0.09314945432154628,0.03397800380056403,0.007624332560126564,0.022872997680379693,0.02941997890048837,0.007168530070118997,0.007417149610123124,0.14059434987233388,0.005635376240093548,0.0007044220300116934,0.00596686896009905,0.0015745904200261383,0.0038536028700639695,0.008204444820136193,0.0020303929100337044,0.0005801122600096299,0.0019475197300323288,8.28731800013757e-05,0.0,0.0015331538300254503,0.033480764720555785,0.008825993670146512,0.002237575860037144,0.006422671450106616,0.004350841950072224,0.0009530415700158205,0.0004558024900075663,0.00733427643012175,8.28731800013757e-05,0.0002071829500034392,0.001408844060023387,0.0009116049800151326,0.0001657463600027514,0.0,0.00012430977000206354,0.0,0.005262446930087357,0.002941997890048837,0.0015331538300254503,4.143659000068785e-05,0.0003314927200055028,0.0003729293100061906,4.143659000068785e-05,0.0004972390800082542,0.0004972390800082542
New Hampshire,100.0,3.5514152121925977,96.4485847878074,93.18217510797015,88.85239318984902,1.2365706535317842,0.17221686832994254,2.497501516936146,0.02703715601242103,0.39645572331084694,3.2664096798372415,3.1547810258057605,0.31828889602741195,1.3057250954777455,0.3961880286968626,0.02775100831637934,1.0212549523503587,0.01757861298497341,0.009726237641431988,0.0039261876717707105,0.025787914480493987,0.0032123353678123997,0.0006246207659635222,0.0018738622978905664,0.01356319377520791,0.008209301495520576,0.0010707784559374665,0.10395474176392903,0.041938822857550774,0.01731091837098904,0.0009815469179426776,0.011064710711353822,0.009637006103437198,0.001427704607916622,0.0051754292036977545,0.009637006103437198,0.0027661776778384554,0.0009815469179426776,8.923153799478887e-05,0.0011600099939322553,0.0,0.0008030838419530999,0.0003569261519791555,0.0003569261519791555,0.0,0.0,0.0,0.0002676946139843666,0.006067744583645644,0.0016061676839061998,0.00017846307598957774,0.0019630938358853552,8.923153799478887e-05,0.0,0.0,0.0008923153799478888,0.000713852303958311,0.00017846307598957774,0.0,0.0002676946139843666,0.0,8.923153799478887e-05,0.0,8.923153799478887e-05,0.0012492415319270444,0.0002676946139843666,0.0,0.0005353892279687332,0.0,0.00017846307598957774,0.0002676946139843666,0.0003569261519791555,0.0003569261519791555
New Jersey,100.0,19.721712164431953,80.27828783556805,77.75804079211021,54.473659272850625,12.31848389918847,0.11274070187919483,10.171370261669948,0.021781794759459492,0.6600048617625125,2.520247043457839,2.3789675209543337,0.41999310563621106,0.37353168591915464,0.3985821232717739,0.014708891669218863,0.7213125110728701,0.11133985505355493,0.056528289552292096,0.011275443567160306,0.18947140006399948,0.01545051645926351,0.0006866896204117117,0.005081503191046666,0.02282556298248529,0.03370272656980681,0.00447721632508436,0.1253757908947703,0.06339518575640922,0.015532919213712918,0.001345911656006955,0.014406748236237709,0.0052463086999454765,0.0007416247900446485,0.002307277124583351,0.006949298958566522,0.004161339099694973,0.00032961101779762156,0.002430881256257459,0.00038454618743055853,0.0018677957675198556,0.0011536385622916755,0.0036119874033656027,0.000412013772247027,0.00013733792408234232,0.00038454618743055853,9.613654685763963e-05,0.00048068273428819813,0.013459116560069546,0.00545231558606899,0.0009476316761681621,0.003296110177976216,0.00048068273428819813,0.0017853930130704502,0.00019227309371527926,0.00021974067853174772,0.0002060068861235135,6.866896204117116e-05,0.0003158772253893874,0.00015107171649057655,0.00015107171649057655,0.0,0.00013733792408234232,5.493516963293693e-05,0.002128737823276306,0.0012772426939657835,0.0007004234128199458,1.3733792408234233e-05,4.1201377224702695e-05,9.613654685763963e-05,0.0,0.0003158772253893874,0.0003158772253893874
New Mexico,100.0,44.34221340106615,55.65778659893385,53.100600431119425,40.51656234422561,1.8778649521137725,8.38077619800987,1.7687122976420218,0.07315485338827778,0.4835297857398677,2.557186167814427,2.423506198028175,0.2805998087845617,0.9696221268111013,0.3605271298343064,0.037889210970909505,0.5887775939923942,0.06796872950337068,0.021415640983557544,0.004453965218802567,0.022391852538363587,0.016107490654299693,0.007016520550168427,0.010433260991989575,0.028127095422849083,0.006101322217537762,0.0020744495539628395,0.11934186257503863,0.0452718108541302,0.010616300658515708,0.0012202644435075525,0.007077533772343804,0.012873789879004678,0.0036607933305226577,0.008358811438026734,0.01769383443085951,0.003294713997470392,0.0007931718882799091,0.001647356998735196,0.0008541851104552868,0.0010982379991567972,0.0009151983326306644,0.0006101322217537762,0.00024405288870151052,0.0009762115548060421,0.0001830396665261329,0.0004270925552276434,0.0015253305543844406,0.011592512213321748,0.00359978010834728,0.00048810577740302104,0.0023795156648397276,0.0010982379991567972,0.0007931718882799091,0.0003050661108768881,0.0014643173322090631,6.101322217537763e-05,6.101322217537763e-05,0.0003660793330522658,0.00024405288870151052,0.00024405288870151052,0.00024405288870151052,0.0,0.00024405288870151052,0.0020134363317874616,0.0001830396665261329,0.0011592512213321748,0.0003050661108768881,0.0,0.0003660793330522658,0.0,0.0007321586661045316,0.0007321586661045316
New York,100.0,18.186607708102898,81.8133922918971,78.78231379833647,54.459494528110305,13.528920536780678,0.2649405913115473,9.644585901349037,0.029624316305152835,0.8547479244797487,3.031078493560627,2.868492836490992,0.48792479675238926,0.479328399469547,0.49759652066569554,0.015272124456936742,0.6196927114298829,0.1263042608729974,0.08498188261100494,0.01455731195691732,0.3616329674011314,0.025235989131120542,0.0015725875000427334,0.01228234347859463,0.03101664673997328,0.1004591271766429,0.010635166848115087,0.14376433315608056,0.06172250543645985,0.017404130435255547,0.0015477244565637969,0.017161715761335915,0.005861462500159279,0.0008266961956746384,0.002647914130506737,0.00833533532631346,0.006551411956699767,0.00044131902175112284,0.003623788587054994,0.0006091445652339441,0.0035305521740089827,0.0015912347826519356,0.007558365217596694,0.0007148125000194243,0.00046618206523005935,0.0015415086956940627,0.00022998315218016258,0.001398546195690178,0.015663717391729993,0.0060292880436421,0.00060292880436421,0.003574062500097121,0.00060292880436421,0.002349557608759499,8.702065217627773e-05,0.0004351032608813887,0.0002859250000077697,1.864728260920237e-05,0.00042888750001165456,0.00022376739131042844,0.0004475347826208569,9.323641304601186e-05,0.0002859250000077697,0.00019890434783149195,0.002853034239207963,0.0014296250000388486,0.0011064054348126741,6.215760869734124e-05,9.323641304601186e-05,3.729456521840474e-05,0.00012431521739468247,0.00030457228261697206,0.00030457228261697206
North Carolina,100.0,8.88169475318448,91.11830524681552,88.04793172958415,63.63666461927685,19.871849501765702,0.9483024056482945,3.1587844611083202,0.06307710059681679,0.3692536411881695,3.0703735172313666,2.8766051767121406,0.5753823466766008,1.106473385546883,0.3479172968960892,0.024450960068050677,0.46421263555476144,0.1847923611963509,0.04205957524243421,0.009552305864098031,0.08074702710537297,0.0061556579509335204,0.001606356955323289,0.0041814329905743635,0.01698323956582256,0.01106056468474509,0.0010300304141004296,0.17562018560412326,0.10372651515328019,0.014138393660211851,0.0020110117608627435,0.013353608582802,0.011575579891795305,0.0018270777583448096,0.004402153793595884,0.01106056468474509,0.002759010037769008,0.00023298306985604955,0.0029552063071214708,0.000833834144747967,0.0026731741699273057,0.001765766424172165,0.000809309611078909,0.0004291793392085123,0.0005027529402156859,0.0,0.0,0.0005640642743883305,0.014788293802441883,0.005640642743883305,0.0009319322794241982,0.004598350062948347,0.0007479982769062645,0.0009319322794241982,0.00015940946884887601,0.000809309611078909,0.00019619626935246282,7.357360100717355e-05,0.0002575076035251074,0.00019619626935246282,4.9049067338115706e-05,0.0,7.357360100717355e-05,0.00012262266834528926,0.0028571081724452396,0.0017289796236685784,0.000809309611078909,3.6786800503586774e-05,0.00018393400251793385,6.131133417264463e-05,3.6786800503586774e-05,0.0005027529402156859,0.0005027529402156859
North Dakota,100.0,3.6240989241611627,96.37590107583883,93.45169294053109,84.40847317448788,2.9539014885261192,4.046180713412169,1.7198658598574383,0.10786907412098448,0.2154026301265071,2.9242081353077456,2.8248947731310383,0.3492743581957849,1.4220935323850472,0.3351825973463872,0.03237749814206843,0.551088504646087,0.039591137624498195,0.02298299090913666,0.004193976443273113,0.022311954678212963,0.007381398540160679,0.004193976443273113,0.004529494558734962,0.02365402714006036,0.002684144923694793,0.003355181154618491,0.08991885494377555,0.03908786045130542,0.007716916655622529,0.002180867750502019,0.004026217385542189,0.009562266290662699,0.002684144923694793,0.0028519039814257174,0.013252965560743039,0.0011743134041164718,0.0003355181154618491,0.0006710362309236982,0.00016775905773092455,0.0005032771731927736,0.002180867750502019,0.0,0.0,0.0008387952886546227,0.0,0.0,0.002684144923694793,0.007213639482429755,0.0023486268082329436,0.0005032771731927736,0.0010065543463855472,0.0,0.0,0.0,0.0020131086927710944,0.00016775905773092455,0.0,0.0,0.0003355181154618491,0.0008387952886546227,0.0,0.0,0.0,0.002180867750502019,0.0010065543463855472,0.0003355181154618491,0.00016775905773092455,0.0003355181154618491,0.0003355181154618491,0.0,0.0,0.0
Ohio,100.0,3.649478548175945,96.35052145182405,93.06791526356271,78.40177454140412,11.663261132534323,0.1682964502438322,2.4862173070352394,0.0351124434459415,0.3132533888992548,3.2826061882613446,3.105262826359464,0.6501829691725127,1.2465623364795155,0.3204322707791704,0.021156523301173534,0.6512690329970083,0.10083016546616791,0.026206720085077892,0.005256548910558517,0.057333309295120684,0.004268230830267556,0.0005213106357578695,0.0022047095637259895,0.010828056330220746,0.0075481435802441516,0.0006624989329422924,0.16283354920661952,0.10077586227494313,0.012370266961004444,0.0019549148840920104,0.01240284887573931,0.0102524425032381,0.0012489733981698955,0.004637492530596047,0.01052395845936199,0.002106963819521389,0.0002389340413890235,0.0019766361605819214,0.0006081957417175144,0.0013358585041295405,0.0012163914834350288,0.0007059414859221149,0.00014118829718442298,0.00010860638244955614,5.430319122477807e-05,2.172127648991123e-05,0.0001520489354293786,0.012218218025575066,0.005082778698639228,0.001151227653965295,0.003323355302956418,0.0005430319122477807,0.00046700744453309135,3.2581914734866844e-05,0.0007168021241670705,0.00017377021191928983,0.0,0.00026065531787893475,0.00010860638244955614,0.00017377021191928983,5.430319122477807e-05,0.00013032765893946738,0.0,0.0019874967988268775,0.0011946702069451174,0.0004561468062881358,7.60244677146893e-05,0.00014118829718442298,3.2581914734866844e-05,8.688510595964491e-05,0.0003040978708587572,0.0003040978708587572
Oklahoma,100.0,9.819018712604187,90.18098128739581,82.400958183119,65.22919269883594,7.073974207974364,7.295251798752315,2.3011939424013965,0.16879806609630058,0.3325474690586701,7.780023104276816,7.448139932998926,0.5981337218146756,5.347497490615133,0.37326892302050885,0.037698899059287916,0.5978347878133243,0.36386910942246614,0.030989491473405836,0.0060451098051016745,0.03660280772100025,0.016109221183924792,0.006775837363960118,0.007905143591286804,0.019198205864553668,0.00528116735720421,0.0009300168930925652,0.31344890786123353,0.20340798047495962,0.012654872723866692,0.0019928933423412113,0.0139834682854275,0.033812757041722555,0.005081878022970089,0.014182757619661621,0.016374940296236953,0.0023914720108094535,0.0002657191123121615,0.0027568357902386753,0.0009632317821315853,0.0027236209011996556,0.0006642977807804038,0.00013285955615608075,0.0002657191123121615,0.0012621657834827672,6.642977807804038e-05,0.0,0.0004650084465462826,0.015478138292183407,0.005546886469516372,0.0009300168930925652,0.004616869576423806,0.0004982233355853028,0.0006642977807804038,0.0,0.002059323120419252,0.0002657191123121615,3.321488903902019e-05,3.321488903902019e-05,0.0002989340013511817,0.00016607444519510094,3.321488903902019e-05,0.0003321488903902019,0.0,0.0025575464560045544,0.0017271742300290498,0.000697512669819424,6.642977807804038e-05,0.0,3.321488903902019e-05,3.321488903902019e-05,0.00039857866846824226,0.00039857866846824226
Oregon,100.0,11.552483021089095,88.4475169789109,83.25970761739865,74.94914930405156,1.780427050908845,0.9721857966945268,4.649159865806378,0.38838183235765666,0.5204037675796849,5.187809361512254,4.900535564039242,0.46510289403949145,1.9865592769588793,0.9204747330783479,0.12632570790458345,1.1852009640864736,0.04135698375269829,0.028065786678660387,0.00783231256148662,0.019788456357998394,0.012697840061804067,0.0055478880643863564,0.004034827683190077,0.0819129355388809,0.011926475945900081,0.003708481326461468,0.2638361954897747,0.07574202261164902,0.01952144570249317,0.003856820579519927,0.012490165107522223,0.03723315251767314,0.00815865891821523,0.01139245463488963,0.08131957852664708,0.005636891616221431,0.0011570461738559781,0.0021064173934301138,0.0006526927134572184,0.0007713641159039854,0.001394388978749512,0.0007713641159039854,0.0,0.0010383747714092111,0.0,0.0,0.0005933570122338349,0.019284102897599634,0.004895195350929138,0.0012460497256910532,0.004123831235025153,0.0020470816922067304,0.0008603676677390606,0.00017800710367015047,0.004895195350929138,0.00029667850611691745,0.0,0.00035601420734030094,0.0003263463567286092,5.933570122338349e-05,0.0,0.0,0.0,0.003500806372179626,0.002195420945265189,0.0008306998171273689,0.0,0.0002670106555052257,0.00020767495428184222,0.0,0.0006526927134572184,0.0006526927134572184
Pennsylvania,100.0,6.802093350028415,93.19790664997159,90.53542804843325,76.14790601250895,10.04323348865529,0.11709029600287747,3.847454032182977,0.024329823940546755,0.35541439514261197,2.6624786015383326,2.526805303843668,0.5227579956165751,0.7385487564262995,0.3345712986504723,0.019819292864629592,0.6852819922214105,0.09417061668135407,0.031525424907480996,0.006258724062514608,0.06196909503872489,0.005138335187126191,0.0006181455864211958,0.0022600948003524976,0.012884472066966801,0.009726134461346004,0.0012749252719937165,0.12352287351157304,0.07273835017715666,0.010904474485461408,0.0016709247882947952,0.01024769479988889,0.006461553083059063,0.0011590229745397423,0.002858923337198031,0.0076785272063257925,0.002704386940592732,0.0002994142684227668,0.0017771685609609383,0.00056985296248204,0.0016419492139313015,0.0010624377266614305,0.0010527792018735992,0.0002897557436349356,7.726819830264948e-05,0.00018351197096879254,0.0,0.0001448778718174678,0.010276670374252382,0.0047616527204007745,0.0007340478838751701,0.0023083874242916533,0.00043463361545240337,0.0008016575573899884,0.0001448778718174678,0.0003959995163010787,0.0002028290205444549,9.658524787831185e-06,0.00012556082224180542,0.00015453639660529896,0.00011590229745397423,0.0,8.692672309048067e-05,0.0,0.0015453639660529897,0.0011010718258127551,0.00037668246672541627,0.0,3.863409915132474e-05,0.0,2.8975574363493557e-05,0.0003283898427862603,0.0003283898427862603
Rhode Island,100.0,14.194327586711944,85.80567241328806,81.92687197074338,72.37937615621557,4.723330712014728,0.30408046922354137,3.539005446183728,0.02872935148277253,0.952349835623044,3.878800442544677,3.5623269197403316,0.49268021189868344,0.6507479771156632,0.41302667661115333,0.023659465926989143,0.7998026124556948,0.15130791780926864,0.019941549852747993,0.006083862666940065,0.9462659729561038,0.005182549679245241,0.0012393053580803835,0.01509699254388831,0.015322320790812015,0.013519694815422367,0.00844980925963898,0.2824489575188656,0.09159593237448654,0.011829732963494571,0.001689961851927796,0.10691825316529854,0.010027106988104922,0.0010139771111566775,0.007435832148482301,0.009351122247333803,0.004281236691550416,0.0011266412346185306,0.0014646336050040897,0.00022532824692370613,0.024222786544298408,0.0029292672100081794,0.003605251950779298,0.001802625975389649,0.00022532824692370613,0.001689961851927796,0.00022532824692370613,0.0007886488642329714,0.030081320964314765,0.007323168025020449,0.0014646336050040897,0.015660313161197575,0.0011266412346185306,0.002027954222313355,0.0006759847407711183,0.00045065649384741225,0.0,0.00011266412346185306,0.0,0.0,0.00022532824692370613,0.00045065649384741225,0.0005633206173092653,0.0,0.003379923703855592,0.0010139771111566775,0.0013519694815422366,0.0006759847407711183,0.0,0.00033799237038555915,0.0,0.0005633206173092653,0.0005633206173092653
South Carolina,100.0,5.757287406027212,94.24271259397278,91.34620845643,64.86488842833158,24.029807246802807,0.33212437040100035,1.7504720435625214,0.05510081056979021,0.31381555676230427,2.8965041375427827,2.738525231288891,0.5576092425880442,1.1353955451044475,0.29692661030375195,0.023290803744463764,0.45361019913014455,0.13680544830437966,0.03669235712897874,0.007373345356536122,0.061029378795653705,0.004409061243604371,0.0013700472790861037,0.0022668054981242807,0.014696870812014567,0.006376947335382592,0.0006725686642786328,0.14031775132894586,0.07961220189016704,0.011334027490621405,0.0014198671801437803,0.010985288183217668,0.010711278727400448,0.0018931562401917068,0.004732890600479267,0.010337629469467874,0.0027400945581722074,0.00042346915899025027,0.0017686064875475156,0.0003736492579325738,0.0013202273780284273,0.001394957229614942,0.000398559208461412,9.9639802115353e-05,0.000498199010576765,0.0,0.0,0.00027400945581722074,0.013775202642447552,0.004583430897306238,0.0010213079716823682,0.004334331392017856,0.0009216681695670152,0.000597838812692118,0.00012454975264419125,0.0012205875759130741,0.00012454975264419125,4.98199010576765e-05,0.0001494597031730295,0.000199279604230706,0.00012454975264419125,0.0,0.00032382935687489723,0.0,0.0035372129750950313,0.0018184263886051922,0.0011209477737977212,0.00027400945581722074,0.00017436965370186774,4.98199010576765e-05,9.9639802115353e-05,0.0003487393074037355,0.0003487393074037355
South Dakota,100.0,3.5644111736184265,96.43558882638158,93.59033552233453,83.08955480347551,1.7045819605382102,7.035285504030601,1.481946343322052,0.059020851543880884,0.21994605942428522,2.8452533040470374,2.7499234223128703,0.28927688250367944,1.490313856452324,0.25640450949189775,0.02734383755070937,0.5724275500369814,0.05065333841360916,0.01285010945006014,0.0011953590186102457,0.013896048591344107,0.011355910676797334,0.004034336687809579,0.005080275829093544,0.011654750431449895,0.002540137914546772,0.0008965192639576843,0.08666352884924282,0.041239886142053477,0.006723894479682632,0.002988397546525614,0.004930855951767264,0.007321573988987755,0.0020918782825679297,0.004333176442462141,0.011953590186102456,0.0008965192639576843,0.0007470993866314035,0.0010459391412839648,0.0,0.0010459391412839648,0.00029883975465256143,0.0,0.0007470993866314035,0.0,0.0,0.0,0.00029883975465256143,0.006723894479682632,0.0005976795093051229,0.0011953590186102457,0.0013447788959365264,0.0011953590186102457,0.00029883975465256143,0.0,0.0017930385279153686,0.0,0.0,0.0,0.0,0.00029883975465256143,0.0,0.0,0.0,0.0019424584052416493,0.0008965192639576843,0.00044825963197884215,0.0,0.0,0.0005976795093051229,0.0,0.0,0.0
Tennessee,100.0,5.677751564544942,94.32224843545505,91.1018589934428,73.51315532643584,15.084243156201174,0.23669911614377118,1.930086751293952,0.04875128912337382,0.28892335424469584,3.2203894420122454,3.076958506431363,0.49505309061815334,1.5566611625687417,0.307922428063062,0.026316410166788838,0.4999560774099898,0.08407508032819554,0.028247889812057742,0.005107277908162971,0.04589121349480255,0.0038629592905378113,0.001002883661966547,0.0024886372352503207,0.013167491043227444,0.006555887642114651,0.0006500171883116509,0.12979914654600366,0.0695704110690127,0.010381703093320368,0.001522897412615868,0.008877377600370547,0.012443186176251604,0.002284346118923802,0.005571575899814151,0.010715997647309218,0.002172914600927519,0.00042715415231908487,0.001522897412615868,0.0002600068753246604,0.0011886028586270189,0.0015971850912800565,0.0005385856703153679,7.428767866418868e-05,0.00035286647365489625,0.00011143151799628302,0.0,0.0001857191966604717,0.010753141486641311,0.004030106567532236,0.0005385856703153679,0.0032315140218922077,0.0005757295096474622,0.0005757295096474622,1.857191966604717e-05,0.001002883661966547,0.0002414349556586132,7.428767866418868e-05,0.00020429111632651887,9.285959833023585e-05,3.714383933209434e-05,0.0,0.0001300034376623302,0.0,0.0026929283515768395,0.001541469332281915,0.0010214555816325944,7.428767866418868e-05,5.571575899814151e-05,0.0,0.0,0.0001857191966604717,0.0001857191966604717
Texas,100.0,36.16146469288919,63.83853530711081,61.20681675790129,43.16148755870799,11.777071986170753,0.30753611656079793,5.513305619960946,0.09212181078992258,0.35529366571087545,2.6317185492095287,2.49532851321873,0.3932326322673289,0.9619421311857757,0.38353295193147574,0.02729721448595353,0.47766238161222313,0.08013554857385888,0.04223774049124925,0.008615840524633347,0.06013710344953743,0.006695111745256486,0.0010655471561781156,0.003160056158450978,0.036681346522337614,0.011817055156928115,0.0011158519575427475,0.12268883736457718,0.0542148563797921,0.012242359386647276,0.0014999977134181198,0.012018274362386644,0.010701203199385367,0.001742375392720438,0.005346028435932262,0.013806381392711292,0.00312804401212803,0.0003567067733128456,0.0017743875390433855,0.0003109751357086346,0.002021338382106125,0.0016783511000745426,0.0009054864245633771,0.00023323135178147597,0.0001783533866564228,7.317062016673755e-05,4.573163760421097e-05,0.00041158473843789877,0.011542665331302849,0.004285054443514568,0.000516767504927584,0.003233226778617715,0.0007728646755111654,0.0006905477278235856,8.231694768757975e-05,0.0010518276648968522,0.0002469508430627392,9.146327520842194e-06,0.00021493869673979156,0.00022408502426063376,8.231694768757975e-05,9.146327520842194e-06,0.0001234754215313696,0.0,0.0019390214344185452,0.0010243886823343258,0.0006859745640631646,8.689011144800084e-05,5.945112888547426e-05,5.487796512505316e-05,2.743898256252658e-05,0.00021951186050021265,0.00021951186050021265
Utah,100.0,13.623195015944143,86.37680498405585,83.44016546969064,77.3649115273288,1.0916283678800507,0.9029492037825332,2.7032539303139216,1.007895265637458,0.3695271747478863,2.9366395143652184,2.773131914919251,0.3079966833774302,0.7574274402756221,0.6624639476500301,0.2404852561325031,0.6443920550796862,0.017770694360838037,0.01596350510380366,0.01153158859250507,0.01931971372401036,0.007099672081206479,0.00641121903090767,0.003958605039218158,0.06591937956611107,0.009853484282401721,0.002538670622976862,0.15055607643722105,0.02504247970461922,0.008992917969528207,0.0033131803045630234,0.0068845305029881015,0.012478211536665933,0.005765794296252535,0.004991284614666374,0.07396567459147842,0.003270151988919348,0.0005163397877241076,0.0007745096815861614,0.0003442265251494051,0.0,0.001635075994459674,0.0008605663128735127,8.605663128735127e-05,0.0006884530502988102,8.605663128735127e-05,0.0,0.0008605663128735127,0.011144333751711989,0.002108387466540106,0.0006454247346551345,0.0021944440978274573,0.001290849469310269,0.0003011982095057294,0.0001290849469310269,0.0028398688324825917,0.0,4.3028315643675634e-05,0.0009896512598045395,0.00021514157821837817,0.00017211326257470254,0.00021514157821837817,0.0,0.0,0.0018071892570343767,0.001290849469310269,0.0001290849469310269,0.00017211326257470254,0.0,0.0,0.00021514157821837817,0.0,0.0
Vermont,100.0,2.1188525059010606,97.88114749409894,94.01866984948958,90.4027211610694,1.17125087228923,0.3111641581598606,1.7382865379555448,0.027455661014105348,0.3677914590014529,3.8624776446093483,3.7387365057332755,0.2829458398953634,1.865078305833184,0.3805659679455158,0.026502339451115575,1.1121449353838644,0.020973074385774917,0.005719929377938614,0.0024786360637733995,0.017731781071609703,0.004575943502350891,0.0020973074385774917,0.002669300376371353,0.006863915253526337,0.008389229754309967,0.0,0.11058530130681321,0.05510198634080865,0.008770558379505874,0.0015253145007836303,0.009723879942495644,0.011249194443279273,0.0017159788133815843,0.006291922315732476,0.008579894066907921,0.0011439858755877227,0.0019066431259795377,0.0,0.0,0.0013346501881856764,0.0019066431259795377,0.0005719929377938613,0.0,0.0,0.0,0.0,0.0007626572503918152,0.010486537192887458,0.00400395056455703,0.0009533215629897689,0.0034319576267631685,0.0011439858755877227,0.0,0.0,0.0009533215629897689,0.0,0.0,0.0,0.0,0.0,0.0,0.0,0.0,0.0019066431259795377,0.0013346501881856764,0.0005719929377938613,0.0,0.0,0.0,0.0,0.0007626572503918152,0.0007626572503918152
Virginia,100.0,9.107621673599647,90.89237832640035,87.31836691003511,61.333519346175734,18.159083678203316,0.22795962789919846,7.091670429917982,0.07048127413064446,0.43565255370824313,3.574011416365236,3.341025883558531,0.6885489723284647,0.9156042338578757,0.7838632574327797,0.03430661933914836,0.5211225884922492,0.15612921705296948,0.0773900401686925,0.009725644894762889,0.08885028941206402,0.0072645823146856945,0.0005782014495362084,0.002550016649236611,0.03461795858120632,0.019080647834694875,0.0013936137501641944,0.2101391627109286,0.10655214917478792,0.02375073646556425,0.0026982734311689722,0.016011732448695,0.014810852515042874,0.0017494300268018612,0.004507006170743778,0.020666995401371138,0.005366895505951472,0.0002372108510917778,0.004047410146753458,0.0007561095878550416,0.002446236901883958,0.0033802546280578337,0.00186803545234775,0.0002372108510917778,0.0002816878856714861,4.4477034579708334e-05,7.412839096618055e-05,0.0006523298405023889,0.01948094114591225,0.008257902753632513,0.0011267515426859444,0.004284620997845236,0.0017939070613815693,0.0011267515426859444,1.4825678193236112e-05,0.0013491367155844861,0.0001482567819323611,0.0,0.0004892473803767916,0.00020755949470530557,0.00010377974735265278,0.000133431103739125,0.00041511898941061113,2.9651356386472225e-05,0.0030689153859998746,0.0017642557049950972,0.0010526231517197638,2.9651356386472225e-05,7.412839096618055e-05,4.4477034579708334e-05,0.00010377974735265278,0.0002965135638647222,0.0002965135638647222
Washington,100.0,11.464060634499141,88.53593936550087,83.16723070684644,67.36453948079311,3.7157270690653075,1.1311621230573063,9.701031870690754,0.7243361441561548,0.5304340190838066,5.3687086586544135,5.015296225249137,0.6284639754848756,1.578156150466854,1.246504176398151,0.13921050530575105,1.0304764279118805,0.06670883758481143,0.07980494926792073,0.015237301045746925,0.03286476696141494,0.026441198873502016,0.0068717240010231235,0.003701435874947238,0.13328488823240503,0.021727262602268763,0.005842625237584878,0.32189213418319185,0.08908343650601716,0.03684837507795008,0.00570983830036704,0.012664554137151313,0.047786699031269496,0.008448568880484952,0.009477667643923196,0.08795474753966553,0.006954715836784273,0.0010290987634382456,0.004365370561036429,0.0008797134590681775,0.0016100416137662873,0.003900616280773995,0.001361066106482841,0.0001493853043700679,0.0021743860969420993,0.00023237714013121672,0.00013278693721783814,0.001128688966351624,0.02795165028435493,0.009129101933726371,0.0018922138553541933,0.004713936271233254,0.002904714251640209,0.001361066106482841,0.00016598367152229767,0.00572643666751927,0.0005145493817191228,0.0001991804058267572,0.0005975412174802716,0.000431557545957974,6.639346860891907e-05,8.299183576114884e-05,0.00013278693721783814,3.3196734304459535e-05,0.0031038946574669666,0.0019420089568108828,0.0006473363189369609,0.00013278693721783814,0.0001493853043700679,0.0001991804058267572,3.3196734304459535e-05,0.00046475428026243343,0.00046475428026243343
West Virginia,100.0,1.638807703366245,98.36119229663376,95.1440822034821,90.2373594839113,3.6290626491696747,0.19268185789695533,0.8537041534420334,0.023239065077756655,0.20803499398436212,3.2171100931516636,3.0987513713142003,0.496255230534317,1.6101252536756803,0.19791588156311676,0.01947056803812044,0.6772128754190708,0.04277942009809258,0.00921188165244408,0.003279988164127816,0.022820343184463743,0.0027914792886194182,0.0016051005909561654,0.0013259526620942234,0.008304650883642769,0.004954875737299467,0.0006978698221548546,0.10998428397160508,0.06566955026477181,0.007885928990349856,0.0014655266265251946,0.007746355025918885,0.008374437865858255,0.0016051005909561654,0.005513171595023351,0.006769337274902089,0.0016051005909561654,0.00076765680437034,0.0009770177510167962,0.0002791479288619418,0.0003489349110774273,0.0009072307688013108,0.0,0.0,0.0,0.0,0.0,6.978698221548544e-05,0.006978698221548546,0.0017446745553871365,0.0002791479288619418,0.0020936094664645638,0.0004187218932929127,0.0006280828399393691,0.0002791479288619418,0.0011863786976632528,0.0001395739644309709,6.978698221548544e-05,0.0,0.0,0.0,0.0001395739644309709,0.0,0.0,0.0013957396443097091,0.0006978698221548546,0.0006280828399393691,0.0,0.0,0.0,6.978698221548544e-05,0.0,0.0
Wisconsin,100.0,6.15894456128179,93.84105543871821,91.24332762396202,81.82958610671466,5.609002016347593,0.7687921427487371,2.732237712204323,0.03135095288684604,0.2723586930598617,2.5977278147561957,2.491143247403681,0.4182511978839191,0.9193244151507924,0.323547904516185,0.02484660581488628,0.6862736595624742,0.05359581987294842,0.013615766537302431,0.0021464345337467204,0.021442664180560674,0.005398608069726601,0.000975652060793964,0.0015827244541768747,0.014786549010255187,0.005095071873035145,0.0002601738828783904,0.09773865533464865,0.052555124341434854,0.007805216486351712,0.0014743186696442121,0.0066127528564924225,0.006894607896277345,0.0014309563558311473,0.0035123474188582704,0.011274201591396917,0.0020163475923075254,0.00030353619669145547,0.0014309563558311473,8.672462762613012e-05,0.0013008694143919518,0.00030353619669145547,0.0004119419812241181,6.50434707195976e-05,4.336231381306506e-05,4.336231381306506e-05,0.0,0.00017344925525226025,0.007761854172538646,0.003295535849792945,0.0004986666088502483,0.002038028749214058,0.0005203477657567808,0.00023849272597185783,0.00017344925525226025,0.0004336231381306507,0.00021681156906532535,6.50434707195976e-05,0.00021681156906532535,2.168115690653253e-05,4.336231381306506e-05,0.0,0.0,0.0,0.0010840578453266267,0.000693797021009041,0.00028185503978492293,2.168115690653253e-05,2.168115690653253e-05,4.336231381306506e-05,2.168115690653253e-05,0.0,0.0
Wyoming,100.0,8.644867754119867,91.35513224588013,87.87933030767871,83.84545143507115,0.8306577513328816,1.7861634080079396,0.9378320874977624,0.08043739817871604,0.39878822759025423,3.47580193820142,3.3520869539603524,0.27348715380763455,1.6293671276144988,0.34690044115947677,0.051208033770112175,0.9709133836501358,0.018579906058182296,0.009289953029091148,0.003625347523547765,0.009743121469534618,0.005438021285321648,0.004078515963991235,0.0049848528448781775,0.01880649027840403,0.0045316844044347064,0.0011329211011086766,0.1110262679086503,0.03580030679503418,0.010422874130199824,0.003625347523547765,0.002719010642660824,0.012462132112195445,0.005211437065099912,0.009063368808869413,0.021525500921064856,0.005211437065099912,0.0,0.001586089541552147,0.00045316844044347064,0.0018126737617738826,0.0,0.0,0.0,0.000679752660665206,0.00045316844044347064,0.0,0.0,0.012008963671751971,0.003625347523547765,0.00022658422022173532,0.0009063368808869413,0.001359505321330412,0.000679752660665206,0.0,0.0020392579819956177,0.00045316844044347064,0.0,0.0009063368808869413,0.0009063368808869413,0.000679752660665206,0.00022658422022173532,0.0,0.0,0.000679752660665206,0.0,0.000679752660665206,0.0,0.0,0.0,0.0,0.0,0.0
Puerto Rico,100.0,98.81977450206485,1.1802254979351559,1.1077825522596583,0.791771303418874,0.1389040270424305,0.010128800915115144,0.08778294126433124,0.002532200228778786,0.07666327939012875,0.07244294567549744,0.06833270762298695,0.01328487656257856,0.006532342619168461,0.009101241401987521,0.0009908609590873509,0.02869826925949291,0.0016514349318122517,0.0007339710808054452,7.339710808054452e-05,0.005064400457557572,0.00029358843232217807,3.669855404027226e-05,0.0003302869863624503,0.0003302869863624503,0.0011376551752484401,7.339710808054452e-05,0.003669855404027226,0.0009908609590873509,0.00029358843232217807,0.0,0.0008807652969665343,0.00014679421616108903,0.0,0.0005137797565638116,0.0002568898782819058,0.00022019132424163358,7.339710808054452e-05,0.0,0.0,3.669855404027226e-05,0.0,0.0001834927702013613,7.339710808054452e-05,0.0,0.0,0.0,0.0,0.0003669855404027226,7.339710808054452e-05,0.0,7.339710808054452e-05,7.339710808054452e-05,7.339710808054452e-05,0.0,0.0,7.339710808054452e-05,0.0,0.0,0.0,0.0,0.0,0.0,0.0,7.339710808054452e-05,0.0,0.0,0.0,0.0,3.669855404027226e-05,3.669855404027226e-05,0.0,0.0
